URL,Relev√¢ncia
http://crostaceo.blogspot.com.br/,1
http://funenseg.org.br/social/mapa-do-site.html,0
http://lavajato.mpf.mp.br/todas-noticias,1
http://bh.supergeeks.com.br,2
http://g1.globo.com/bemestar/videos,1
http://eay.com.br/portifolio.php,1
"http://em.com.br/app/noticia/gerais/2017/04/19/interna_gerais,863296/dupla-cai-de-predio-que-tentava-pichar-em-belo-horizonte.shtml",2
http://uninove.br/unidade/Belo-Horizonte,2
http://g30.com.br/address/bh.html,2
http://dcdanielsousa.fotoblog.uol.com.br/links.html,1
http://sulamericabelohorizonte.com.br/site/wp-login.php,1
http://decoracaoacoracao.com.br/o-pastor-responde,1
http://mlasmar.com.br/produtos.htm,1
http://planosdesaudebelohorizonte.com.br,2
http://ibge.gov.br/home/disseminacao/online/outroslinks/links.php?id_tema=1&id_categoria=6&id_subcategoria=3,1
http://studiosol.com.br/?lang={{ IDIOMA }},1
http://blogger.com/profile/04183431144378235892,1
http://studiosol.com.br/?lang=pt,1
http://operamundi.uol.com.br/rss.shtml,1
http://blog.elefanteverde.com.br/tag/belo-horizonte-mg,3
http://pciconcursos.com.br/noticias/prefeitura-de-belo-horizonte-mg-divulga-data-das-inscricoes-do-concurso-publico,3
http://g1.globo.com/mg/sul-de-minas/,1
http://indiefestival.com.br/indie2007,1
http://oliveiradimas.blogspot.com.br/2007/02,1
http://g1.globo.com/bemestar/coracao-e-circulacao/,1
http://infojobs.com.br/vagas-de-desenvolvedora-delphi.aspx?Categoria=74&amp;co=AIXSISTEMASLTDA,1
http://cofen.gov.br/conselho-regional-de-enfermagem-de-minas-gerais_4419.html,0
http://restaurantefile.com.br/index2.php,2
http://g1.globo.com/mato-grosso-do-sul/musica/agenda.html,1
http://rewatt.com.br/crbst_0.html,1
http://setorsaude.com.br/category/empregabilidade_e_aperfeicoamento/oportunidades_de_emprego,1
http://infojobs.com.br/vagas-de-atendente-vendas.aspx?Categoria=59&amp;co=NIELSONDEFREITASSANTANA-ME,1
http://mountainbikebh.com.br/mapaciclobh,2
http://letras.mus.br/simple-plan/1112941/,1
http://bh.jovempanfm.uol.com.br,2
http://eventbrite.com.br/d/brasil--belo-horizonte/events,2