URL,Relevância
http://aragao.ppg.br/portfolios/emporio-do-sono,1
http://vejario.abril.com.br/blog/teatro-de-revista/os-saltimbancos-trapalhoes-muda-de-horario-as-sextas,2
http://admin.famosidades.com.br/tag/renato-aragao,4
http://hotsite.verdesmares.com.br/sereiadeouro/homenageados-anteriores/renato-aragao,4
http://globofilmes.globo.com/es/,1
"http://editorajuspodivm.com.br/produtos?busca=revisaÃ§o&autor=486,206,305",1
http://adrianolobao.com.br/3_coluna_1_18.html,1
http://batalhadoras.org.br/rss,1
http://gabsadvs.com.br/atuacao-licitacoes.html,1
http://meioemensagem.com.br/home/gente/acontece_no_meio/2016/12/14/guia-mkt-amplia-equipe.html,1
http://osgeraldinos.com.br/alambrado/palmeiras/cara-de-mau/,1
http://purepeople.com.br/famosos/renato-aragao_p2916,4
http://batalhaosuez.com.br/09ContMensagensIntegrantes9.htm,1
http://moellerbotelho.com.br,1
http://esmaelmorais.com.br/pagina-inicial-4,1
http://globofilmes.globo.com/en/,1
http://tvefamosos.uol.com.br/colunas/flavio-ricco,1
http://jusbrasil.com.br/topicos/43817638/tribunal-de-justica-do-tjpr,1
http://globoesporte.globo.com/futebol/primeira-liga/,1
http://famosidades.com.br/tag/renato-aragao,4
http://fiepi.com.br/rss,1
http://g1.globo.com/sao-paulo/sorocaba-jundiai/,1
http://bahia.com.br/acontece/renato-piaba-20-anos-de-carreira/,1
http://gshow.globo.com/Estilo,1
http://gabsadvs.com.br/atuacao-legislativo.html,1
http://caras.uol.com.br/bem-estar/apos-angioplastia-renato-aragao-deixa-o-hospital,3
http://istoe.com.br/estrategia-de-renato-falha-gremio-perde-nos-penaltis-e-novo-hamburgo-vai-a-final,1
http://oliveiradimas.blogspot.com.br/2007/02,1
http://aragao.ppg.br/portfolios/chuva-de-ofertas,1
http://renatoamorim20.jusbrasil.com.br/seguidores,1
http://mdemulher.abril.com.br/estilo-de-vida/10-motivos-para-amar-o-ceara/,2
http://claraaverbuck.com.br/feeds/rss,1
http://esporte.ig.com.br/futebol/2010/02/24/psv+e+twente+jogam+por+si+e+pelos+italianos+na+le+9408220.html,1
http://gabsadvs.com.br/atuacao-trabalhista.html,1
http://purepeople.com.br/famosos/livian-aragao_p2912,2
http://escolasdomponline.com.br/curriculo?prof=104&tmpl=component,1
http://viagensdefe.com.br/memorial-da-devocao-ganha-estatua-do-humorista-renato-aragao,3